qid	engine	mode	code	ms	maskHits	rfCust	rfAddr	rfDate	errcode	changed
q01	lite	mask	0	2960	1	0	0	0		1
q02	lite	mask	0	4451	0	0	0	0		1
q03	lite	mask	0	2358	0	0	0	0		1
q04	lite	mask	0	3829	3	0	0	0		1
q05	lite	mask	0	2946	0	0	0	0		1
q06	lite	mask	0	3562	0	0	0	0		1
q07	lite	mask	0	2857	0	0	0	0		1
q08	lite	mask	0	3352	0	0	0	0		1
q09	lite	mask	0	3388	0	0	0	0		1
q10	lite	mask	0	3743	0	0	0	0		1
q11	lite	mask	0	3658	3	0	0	0		1
q12	lite	mask	0	2867	0	0	0	0		1
q13	lite	mask	0	2644	0	0	3	0		1
q14	lite	mask	0	3585	0	0	0	0		1
q15	lite	mask	0	2758	0	0	0	0		1
q16	lite	mask	0	2733	0	0	0	0		1
q17	lite	mask	0	3403	0	0	0	0		1
q18	lite	mask	0	3119	0	0	0	0		1
q19	lite	mask	0	3006	0	0	0	0		1
q20	lite	mask	0	2932	0	0	0	0		1
q21	lite	mask	0	3318	0	0	0	0		1
q22	lite	mask	0	2550	0	0	0	0		1
q23	lite	mask	0	3179	2	0	0	0		1
q24	lite	mask	0	3177	2	0	0	0		1
q25	lite	mask	0	2908	0	0	0	0		1
q26	lite	mask	0	2430	0	0	0	0		1
q27	lite	mask	0	2770	0	0	0	0		1
q28	lite	mask	0	3054	0	0	0	0		1
q29	lite	mask	0	2717	0	0	0	0		1
q30	lite	mask	0	3403	5	0	0	0		1
q31	lite	mask	0	2698	0	0	0	0		1
q32	lite	mask	0	3030	0	0	0	0		1
q33	lite	mask	0	3059	0	0	0	0		1
q34	lite	mask	0	2682	2	0	0	0		1
q35	lite	mask	0	3284	0	0	0	0		1
q36	lite	mask	0	3210	0	0	0	0		1
q37	lite	mask	0	2977	0	0	0	0		1
q38	lite	mask	0	3142	0	0	0	0		1
q39	lite	mask	0	2822	0	0	0	0		1
q40	lite	mask	0	3046	0	0	0	0		1
q41	lite	mask	0	3113	0	0	0	0		1
q42	lite	mask	0	2608	0	0	0	0		1
q43	lite	mask	0	3559	0	0	0	0		1
q44	lite	mask	0	3088	0	0	0	0		1
q45	lite	mask	0	2899	0	0	0	0		1
q46	lite	mask	0	2674	2	0	0	0		1
q47	lite	mask	0	3658	0	0	0	0		1
q48	lite	mask	0	2860	0	0	3	0		1
q49	lite	mask	0	3237	0	0	0	0		1
q50	lite	mask	0	3855	0	0	0	0		1
q51	lite	mask	0	2781	0	0	0	0		1
q52	lite	mask	0	3273	0	0	0	0		1
q53	lite	mask	0	3441	0	0	0	0		1
q54	lite	mask	0	3431	0	0	0	0		1
q55	lite	mask	0	2784	0	0	0	0		1
q56	lite	mask	0	3113	0	0	0	0		1
q57	lite	mask	0	3364	0	0	0	0		1
q58	lite	mask	0	2826	0	0	0	0		1
q59	lite	mask	0	3672	0	0	0	0		1
q60	lite	mask	0	2937	0	0	0	0		1
q61	lite	mask	0	2837	0	0	0	0		1
q62	lite	mask	0	2959	0	0	0	0		1
q63	lite	mask	0	2955	0	0	0	0		1
q64	lite	mask	0	3133	2	0	0	0		1
q65	lite	mask	0	2748	0	0	0	0		1
q66	lite	mask	0	3602	0	0	0	0		1
q67	lite	mask	0	2639	0	0	0	0		1
q68	lite	mask	0	2981	2	0	0	0		1
q69	lite	mask	0	2864	0	0	0	0		1
q70	lite	mask	0	3238	0	0	0	0		1
q71	lite	mask	0	2657	0	0	0	0		1
q72	lite	mask	0	3201	0	0	0	0		1
q73	lite	mask	0	2953	2	0	0	0		1
q74	lite	mask	0	3010	3	0	0	0		1
q75	lite	mask	0	3195	0	0	0	0		1
q76	lite	mask	0	3212	0	0	0	0		1
q77	lite	mask	0	3471	0	0	0	0		1
q78	lite	mask	0	3403	0	0	0	0		1
q79	lite	mask	0	3008	2	0	0	0		1
q80	lite	mask	0	3399	0	0	0	0		1
q81	lite	mask	0	2671	4	0	0	0		1
q82	lite	mask	0	2905	0	0	0	0		1
q83	lite	mask	0	3176	0	0	0	0		1
q84	lite	mask	0	2888	2	0	0	0		1
q85	lite	mask	0	3007	0	0	3	0		1
q86	lite	mask	0	2922	0	0	0	0		1
q87	lite	mask	0	2857	0	0	0	0		1
q88	lite	mask	0	3052	0	0	0	0		1
q89	lite	mask	0	2657	0	0	0	0		1
q90	lite	mask	0	3086	0	0	0	0		1
q91	lite	mask	0	2697	0	0	0	0		1
q92	lite	mask	0	3329	0	0	0	0		1
q93	lite	mask	0	2847	0	0	0	0		1
q94	lite	mask	0	2893	0	0	0	0		1
q95	lite	mask	0	2806	0	0	0	0		1
q96	lite	mask	0	2483	0	0	0	0		1
q97	lite	mask	0	2687	0	0	0	0		1
q98	lite	mask	0	2824	0	0	0	0		1
q99	lite	mask	0	3065	0	0	0	0		1
q01	lite	rowfilter	0	2922	0	1	0	1		1
q02	lite	rowfilter	0	4422	0	0	0	3		1
q03	lite	rowfilter	0	2922	0	0	0	1		1
q04	lite	rowfilter	0	3617	0	3	0	3		1
q05	lite	rowfilter	0	3092	0	0	0	3		1
q06	lite	rowfilter	0	3698	0	1	1	2		1
q07	lite	rowfilter	0	2594	0	0	0	1		1
q08	lite	rowfilter	0	3435	0	1	2	1		1
q09	lite	rowfilter	0	2915	0	0	0	0		1
q10	lite	rowfilter	0	3165	0	1	1	3		1
q11	lite	rowfilter	0	4015	0	2	0	2		1
q12	lite	rowfilter	0	3033	0	0	0	1		1
q13	lite	rowfilter	0	3038	0	0	4	1		1
q14	lite	rowfilter	0	4090	0	0	0	9		1
q15	lite	rowfilter	0	2710	0	1	1	1		1
q16	lite	rowfilter	0	2811	0	0	1	1		1
q17	lite	rowfilter	0	3207	0	0	0	3		1
q18	lite	rowfilter	0	2969	0	1	1	1		1
q19	lite	rowfilter	0	3043	0	1	1	1		1
q20	lite	rowfilter	0	2623	0	0	0	1		1
q21	lite	rowfilter	0	3466	0	0	0	1		1
q22	lite	rowfilter	0	2651	0	0	0	1		1
q23	lite	rowfilter	0	3083	0	4	0	4		1
q24	lite	rowfilter	0	2786	0	1	1	0		1
q25	lite	rowfilter	0	3089	0	0	0	3		1
q26	lite	rowfilter	0	2784	0	0	0	1		1
q27	lite	rowfilter	0	2951	0	0	0	1		1
q28	lite	rowfilter	0	3275	0	0	0	0		1
q29	lite	rowfilter	0	2780	0	0	0	3		1
q30	lite	rowfilter	0	3035	0	1	2	1		1
q31	lite	rowfilter	0	2899	0	0	2	2		1
q32	lite	rowfilter	0	2679	0	0	0	2		1
q33	lite	rowfilter	0	3301	0	0	3	3		1
q34	lite	rowfilter	0	2595	0	1	0	1		1
q35	lite	rowfilter	0	3531	0	1	1	3		1
q36	lite	rowfilter	0	3047	0	0	0	1		1
q37	lite	rowfilter	0	2910	0	0	0	1		1
q38	lite	rowfilter	0	3397	0	3	0	3		1
q39	lite	rowfilter	0	2886	0	0	0	1		1
q40	lite	rowfilter	0	3452	0	0	0	1		1
q41	lite	rowfilter	0	3169	0	0	0	0		1
q42	lite	rowfilter	0	3013	0	0	0	1		1
q43	lite	rowfilter	0	3411	0	0	0	1		1
q44	lite	rowfilter	0	3110	0	0	0	0		1
q45	lite	rowfilter	0	2840	0	1	1	1		1
q46	lite	rowfilter	0	4092	0	1	2	1		1
q47	lite	rowfilter	0	3364	0	0	0	1		1
q48	lite	rowfilter	0	3178	0	0	4	1		1
q49	lite	rowfilter	0	3361	0	0	0	3		1
q50	lite	rowfilter	0	3663	0	0	0	2		1
q51	lite	rowfilter	0	3214	0	0	0	2		1
q52	lite	rowfilter	0	2861	0	0	0	1		1
q53	lite	rowfilter	0	2894	0	0	0	1		1
q54	lite	rowfilter	0	3676	0	1	1	4		1
q55	lite	rowfilter	0	2529	0	0	0	1		1
q56	lite	rowfilter	0	2976	0	0	3	3		1
q57	lite	rowfilter	0	3312	0	0	0	1		1
q58	lite	rowfilter	0	3302	0	0	0	9		1
q59	lite	rowfilter	0	3538	0	0	0	3		1
q60	lite	rowfilter	0	2825	0	0	3	3		1
q61	lite	rowfilter	0	3130	0	2	2	2		1
q62	lite	rowfilter	0	3100	0	0	0	1		1
q63	lite	rowfilter	0	3078	0	0	0	1		1
q64	lite	rowfilter	0	3330	0	1	2	3		1
q65	lite	rowfilter	0	2608	0	0	0	2		1
q66	lite	rowfilter	0	3650	0	0	0	2		1
q67	lite	rowfilter	0	2793	0	0	0	1		1
q68	lite	rowfilter	0	3056	0	1	2	1		1
q69	lite	rowfilter	0	3170	0	1	1	3		1
q70	lite	rowfilter	0	3227	0	0	0	2		1
q71	lite	rowfilter	0	2664	0	0	0	3		1
q72	lite	rowfilter	0	2700	0	0	0	3		1
q73	lite	rowfilter	0	2993	0	1	0	1		1
q74	lite	rowfilter	0	3172	0	2	0	2		1
q75	lite	rowfilter	0	3501	0	0	0	3		1
q76	lite	rowfilter	0	3264	0	0	0	3		1
q77	lite	rowfilter	0	3459	0	0	0	6		1
q78	lite	rowfilter	0	3692	0	0	0	3		1
q79	lite	rowfilter	0	2830	0	1	0	1		1
q80	lite	rowfilter	0	3728	0	0	0	3		1
q81	lite	rowfilter	0	3001	0	1	2	1		1
q82	lite	rowfilter	0	3050	0	0	0	1		1
q83	lite	rowfilter	0	3065	0	0	0	9		1
q84	lite	rowfilter	0	3094	0	1	1	0		1
q85	lite	rowfilter	0	2944	0	0	4	1		1
q86	lite	rowfilter	0	2863	0	0	0	1		1
q87	lite	rowfilter	0	3302	0	3	0	3		1
q88	lite	rowfilter	0	3499	0	0	0	0		1
q89	lite	rowfilter	0	2683	0	0	0	1		1
q90	lite	rowfilter	0	3148	0	0	0	0		1
q91	lite	rowfilter	0	3021	0	1	1	1		1
q92	lite	rowfilter	0	3176	0	0	0	2		1
q93	lite	rowfilter	0	3033	0	0	0	0		1
q94	lite	rowfilter	0	2627	0	0	1	1		1
q95	lite	rowfilter	0	2887	0	0	1	1		1
q96	lite	rowfilter	0	2784	0	0	0	0		1
q97	lite	rowfilter	0	3315	0	0	0	2		1
q98	lite	rowfilter	0	3015	0	0	0	1		1
q99	lite	rowfilter	0	2992	0	0	0	1		1
q01	lite	both	0	4082	1	1	0	1		1
q02	lite	both	0	3202	0	0	0	3		1
q03	lite	both	0	2774	0	0	0	1		1
q04	lite	both	0	3723	3	3	0	3		1
q05	lite	both	0	3926	0	0	0	3		1
q06	lite	both	0	3463	0	1	1	2		1
q07	lite	both	0	2769	0	0	0	1		1
q08	lite	both	0	3331	0	1	2	1		1
q09	lite	both	0	2924	0	0	0	0		1
q10	lite	both	0	3395	0	1	1	3		1
q11	lite	both	0	3365	3	2	0	2		1
q12	lite	both	0	2662	0	0	0	1		1
q13	lite	both	0	2899	0	0	4	1		1
q14	lite	both	0	3997	0	0	0	9		1
q15	lite	both	0	3729	0	1	1	1		1
q16	lite	both	0	3106	0	0	1	1		1
q17	lite	both	0	3198	0	0	0	3		1
q18	lite	both	0	2997	0	1	1	1		1
q19	lite	both	0	3004	0	1	1	1		1
q20	lite	both	0	2888	0	0	0	1		1
q21	lite	both	0	3157	0	0	0	1		1
q22	lite	both	0	2895	0	0	0	1		1
q23	lite	both	0	3369	2	4	0	4		1
q24	lite	both	0	2941	2	1	1	0		1
q25	lite	both	0	2943	0	0	0	3		1
q26	lite	both	0	3058	0	0	0	1		1
q27	lite	both	0	3004	0	0	0	1		1
q28	lite	both	0	2871	0	0	0	0		1
q29	lite	both	0	3183	0	0	0	3		1
q30	lite	both	0	2877	5	1	2	1		1
q31	lite	both	0	3420	0	0	2	2		1
q32	lite	both	0	2477	0	0	0	2		1
q33	lite	both	0	2979	0	0	3	3		1
q34	lite	both	0	3509	2	1	0	1		1
q35	lite	both	0	3208	0	1	1	3		1
q36	lite	both	0	3305	0	0	0	1		1
q37	lite	both	0	3075	0	0	0	1		1
q38	lite	both	0	3336	0	3	0	3		1
q39	lite	both	0	2756	0	0	0	1		1
q40	lite	both	0	3278	0	0	0	1		1
q41	lite	both	0	3446	0	0	0	0		1
q42	lite	both	0	2972	0	0	0	1		1
q43	lite	both	0	3448	0	0	0	1		1
q44	lite	both	0	2648	0	0	0	0		1
q45	lite	both	0	3164	0	1	1	1		1
q46	lite	both	0	3116	2	1	2	1		1
q47	lite	both	0	3467	0	0	0	1		1
q48	lite	both	0	2835	0	0	4	1		1
q49	lite	both	0	3864	0	0	0	3		1
q50	lite	both	0	3576	0	0	0	2		1
q51	lite	both	0	3804	0	0	0	2		1
q52	lite	both	0	2916	0	0	0	1		1
q53	lite	both	0	2852	0	0	0	1		1
q54	lite	both	0	3308	0	1	1	4		1
q55	lite	both	0	2932	0	0	0	1		1
q56	lite	both	0	2955	0	0	3	3		1
q57	lite	both	0	3099	0	0	0	1		1
q58	lite	both	0	3243	0	0	0	9		1
q59	lite	both	0	3636	0	0	0	3		1
q60	lite	both	0	2809	0	0	3	3		1
q61	lite	both	0	3403	0	2	2	2		1
q62	lite	both	0	2869	0	0	0	1		1
q63	lite	both	0	3376	0	0	0	1		1
q64	lite	both	0	3179	2	1	2	3		1
q65	lite	both	0	3246	0	0	0	2		1
q66	lite	both	0	3587	0	0	0	2		1
q67	lite	both	0	3180	0	0	0	1		1
q68	lite	both	0	3336	2	1	2	1		1
q69	lite	both	0	3224	0	1	1	3		1
q70	lite	both	0	3017	0	0	0	2		1
q71	lite	both	0	3087	0	0	0	3		1
q72	lite	both	0	3140	0	0	0	3		1
q73	lite	both	0	3044	2	1	0	1		1
q74	lite	both	0	3197	3	2	0	2		1
q75	lite	both	0	3330	0	0	0	3		1
q76	lite	both	0	3596	0	0	0	3		1
q77	lite	both	0	3549	0	0	0	6		1
q78	lite	both	0	3404	0	0	0	3		1
q79	lite	both	0	2924	2	1	0	1		1
q80	lite	both	0	4297	0	0	0	3		1
q81	lite	both	0	3561	4	1	2	1		1
q82	lite	both	0	3083	0	0	0	1		1
q83	lite	both	0	3189	0	0	0	9		1
q84	lite	both	0	2956	2	1	1	0		1
q85	lite	both	0	2791	0	0	4	1		1
q86	lite	both	0	2788	0	0	0	1		1
q87	lite	both	0	3256	0	3	0	3		1
q88	lite	both	0	2887	0	0	0	0		1
q89	lite	both	0	3409	0	0	0	1		1
q90	lite	both	0	2839	0	0	0	0		1
q91	lite	both	0	3292	0	1	1	1		1
q92	lite	both	0	3157	0	0	0	2		1
q93	lite	both	0	2969	0	0	0	0		1
q94	lite	both	0	3558	0	0	1	1		1
q95	lite	both	0	2830	0	0	1	1		1
q96	lite	both	0	3036	0	0	0	0		1
q97	lite	both	0	3090	0	0	0	2		1
q98	lite	both	0	2947	0	0	0	1		1
q99	lite	both	0	3539	0	0	0	1		1
q01	core	mask	0	4027	1	0	0	0		1
q02	core	mask	0	5102	0	0	0	0		1
q03	core	mask	0	3087	0	0	0	0		1
q04	core	mask	0	4091	3	0	0	0		1
q05	core	mask	1	3026	0	0	0	0	VALIDATION_ERROR	-1
q06	core	mask	0	4041	0	0	0	0		1
q07	core	mask	0	3427	0	0	0	0		1
q08	core	mask	0	3828	0	0	0	0		1
q09	core	mask	1	3209	0	0	0	0	LINEAGE_UNKNOWN	-1
q10	core	mask	0	3788	0	0	0	0		1
q11	core	mask	0	3815	3	0	0	0		1
q12	core	mask	0	3558	0	0	0	0		1
q13	core	mask	0	3282	0	0	3	0		1
q14	core	mask	0	4066	0	0	0	0		1
q15	core	mask	0	4923	0	0	0	0		1
q16	core	mask	0	3675	0	0	0	0		1
q17	core	mask	0	3883	0	0	0	0		1
q18	core	mask	0	3868	0	0	0	0		1
q19	core	mask	0	3457	0	0	0	0		1
q20	core	mask	0	3348	0	0	0	0		1
q21	core	mask	0	3660	0	0	0	0		1
q22	core	mask	0	3094	0	0	0	0		1
q23	core	mask	0	3748	2	0	0	0		1
q24	core	mask	0	3494	2	0	0	0		1
q25	core	mask	0	3591	0	0	0	0		1
q26	core	mask	0	3515	0	0	0	0		1
q27	core	mask	0	3532	0	0	0	0		1
q28	core	mask	0	3519	0	0	0	0		1
q29	core	mask	0	3654	0	0	0	0		1
q30	core	mask	0	3652	5	0	0	0		1
q31	core	mask	0	3402	0	0	0	0		1
q32	core	mask	0	3486	0	0	0	0		1
q33	core	mask	0	3481	0	0	0	0		1
q34	core	mask	0	3123	2	0	0	0		1
q35	core	mask	0	3836	0	0	0	0		1
q36	core	mask	0	3602	0	0	0	0		1
q37	core	mask	0	3355	0	0	0	0		1
q38	core	mask	0	3994	0	0	0	0		1
q39	core	mask	0	3753	0	0	0	0		1
q40	core	mask	0	3530	0	0	0	0		1
q41	core	mask	0	3805	0	0	0	0		1
q42	core	mask	0	3222	0	0	0	0		1
q43	core	mask	0	4077	0	0	0	0		1
q44	core	mask	0	3437	0	0	0	0		1
q45	core	mask	0	3324	0	0	0	0		1
q46	core	mask	0	4414	2	0	0	0		1
q47	core	mask	0	3740	0	0	0	0		1
q48	core	mask	0	3219	0	0	3	0		1
q49	core	mask	0	3950	0	0	0	0		1
q50	core	mask	0	4024	0	0	0	0		1
q51	core	mask	0	3529	0	0	0	0		1
q52	core	mask	0	3953	0	0	0	0		1
q53	core	mask	0	3741	0	0	0	0		1
q54	core	mask	0	4143	0	0	0	0		1
q55	core	mask	0	3670	0	0	0	0		1
q56	core	mask	0	3403	0	0	0	0		1
q57	core	mask	0	3513	0	0	0	0		1
q58	core	mask	0	3570	0	0	0	0		1
q59	core	mask	0	3923	0	0	0	0		1
q60	core	mask	0	3426	0	0	0	0		1
q61	core	mask	0	3626	0	0	0	0		1
q62	core	mask	0	3369	0	0	0	0		1
q63	core	mask	0	3797	0	0	0	0		1
q64	core	mask	0	3620	2	0	0	0		1
q65	core	mask	0	3328	0	0	0	0		1
q66	core	mask	0	4333	0	0	0	0		1
q67	core	mask	0	3886	0	0	0	0		1
q68	core	mask	0	3465	2	0	0	0		1
q69	core	mask	0	3531	0	0	0	0		1
q70	core	mask	0	3777	0	0	0	0		1
q71	core	mask	0	3830	0	0	0	0		1
q72	core	mask	1	2371	0	0	0	0	VALIDATION_ERROR	-1
q73	core	mask	0	3445	2	0	0	0		1
q74	core	mask	0	3957	3	0	0	0		1
q75	core	mask	0	3781	0	0	0	0		1
q76	core	mask	0	3805	0	0	0	0		1
q77	core	mask	0	3870	0	0	0	0		1
q78	core	mask	0	3884	0	0	0	0		1
q79	core	mask	0	3319	2	0	0	0		1
q80	core	mask	1	3495	0	0	0	0	VALIDATION_ERROR	-1
q81	core	mask	0	3705	4	0	0	0		1
q82	core	mask	0	3964	0	0	0	0		1
q83	core	mask	0	3496	0	0	0	0		1
q84	core	mask	0	3675	2	0	0	0		1
q85	core	mask	0	3251	0	0	3	0		1
q86	core	mask	0	3473	0	0	0	0		1
q87	core	mask	0	3708	0	0	0	0		1
q88	core	mask	0	3675	0	0	0	0		1
q89	core	mask	0	3957	0	0	0	0		1
q90	core	mask	0	3528	0	0	0	0		1
q91	core	mask	0	3755	0	0	0	0		1
q92	core	mask	0	3466	0	0	0	0		1
q93	core	mask	0	3593	0	0	0	0		1
q94	core	mask	0	3383	0	0	0	0		1
q95	core	mask	0	3467	0	0	0	0		1
q96	core	mask	0	3318	0	0	0	0		1
q97	core	mask	0	3497	0	0	0	0		1
q98	core	mask	0	3465	0	0	0	0		1
q99	core	mask	0	4366	0	0	0	0		1
q01	core	rowfilter	0	4867	0	1	0	1		1
q02	core	rowfilter	0	5592	0	0	0	3		1
q03	core	rowfilter	0	3386	0	0	0	1		1
q04	core	rowfilter	0	5166	0	3	0	3		1
q05	core	rowfilter	1	3971	0	0	0	0	VALIDATION_ERROR	-1
q06	core	rowfilter	0	4338	0	1	1	2		1
q07	core	rowfilter	0	3345	0	0	0	1		1
q08	core	rowfilter	0	3873	0	1	2	1		1
q09	core	rowfilter	1	3051	0	0	0	0	LINEAGE_UNKNOWN	-1
q10	core	rowfilter	0	3935	0	1	1	3		1
q11	core	rowfilter	0	4000	0	2	0	2		1
q12	core	rowfilter	0	3696	0	0	0	1		1
q13	core	rowfilter	0	3547	0	0	4	1		1
q14	core	rowfilter	0	4327	0	0	0	9		1
q15	core	rowfilter	0	4060	0	1	1	1		1
q16	core	rowfilter	0	3549	0	0	1	1		1
q17	core	rowfilter	0	4172	0	0	0	3		1
q18	core	rowfilter	0	3745	0	1	1	1		1
q19	core	rowfilter	0	3823	0	1	1	1		1
q20	core	rowfilter	0	3480	0	0	0	1		1
q21	core	rowfilter	0	3754	0	0	0	1		1
q22	core	rowfilter	0	3414	0	0	0	1		1
q23	core	rowfilter	0	3962	0	4	0	4		1
q24	core	rowfilter	0	4012	0	1	1	0		1
q25	core	rowfilter	0	3648	0	0	0	3		1
q26	core	rowfilter	0	3584	0	0	0	1		1
q27	core	rowfilter	0	3713	0	0	0	1		1
q28	core	rowfilter	0	3601	0	0	0	0		1
q29	core	rowfilter	0	3744	0	0	0	3		1
q30	core	rowfilter	0	3711	0	1	2	1		1
q31	core	rowfilter	0	3648	0	0	2	2		1
q32	core	rowfilter	0	3601	0	0	0	2		1
q33	core	rowfilter	0	3761	0	0	3	3		1
q34	core	rowfilter	0	3482	0	1	0	1		1
q35	core	rowfilter	0	4068	0	1	1	3		1
q36	core	rowfilter	0	3710	0	0	0	1		1
q37	core	rowfilter	0	3896	0	0	0	1		1
q38	core	rowfilter	0	3793	0	3	0	3		1
q39	core	rowfilter	0	3579	0	0	0	1		1
q40	core	rowfilter	0	3919	0	0	0	1		1
q41	core	rowfilter	0	3694	0	0	0	0		1
q42	core	rowfilter	0	3691	0	0	0	1		1
q43	core	rowfilter	0	3923	0	0	0	1		1
q44	core	rowfilter	0	3530	0	0	0	0		1
q45	core	rowfilter	0	3517	0	1	1	1		1
q46	core	rowfilter	0	4478	0	1	2	1		1
q47	core	rowfilter	0	3982	0	0	0	1		1
q48	core	rowfilter	0	4792	0	0	4	1		1
q49	core	rowfilter	0	4731	0	0	0	3		1
q50	core	rowfilter	0	4696	0	0	0	2		1
q51	core	rowfilter	0	3825	0	0	0	2		1
q52	core	rowfilter	0	4137	0	0	0	1		1
q53	core	rowfilter	0	4186	0	0	0	1		1
q54	core	rowfilter	0	3997	0	1	1	4		1
q55	core	rowfilter	0	3293	0	0	0	1		1
q56	core	rowfilter	0	3902	0	0	3	3		1
q57	core	rowfilter	0	3919	0	0	0	1		1
q58	core	rowfilter	0	3948	0	0	0	9		1
q59	core	rowfilter	0	3985	0	0	0	3		1
q60	core	rowfilter	0	3507	0	0	3	3		1
q61	core	rowfilter	0	3857	0	2	2	2		1
q62	core	rowfilter	0	3758	0	0	0	1		1
q63	core	rowfilter	0	3854	0	0	0	1		1
q64	core	rowfilter	0	4250	0	1	2	3		1
q65	core	rowfilter	0	3549	0	0	0	2		1
q66	core	rowfilter	0	4541	0	0	0	2		1
q67	core	rowfilter	0	3649	0	0	0	1		1
q68	core	rowfilter	0	3554	0	1	2	1		1
q69	core	rowfilter	0	3811	0	1	1	3		1
q70	core	rowfilter	0	3736	0	0	0	2		1
q71	core	rowfilter	0	3710	0	0	0	3		1
q72	core	rowfilter	1	3229	0	0	0	0	VALIDATION_ERROR	-1
q73	core	rowfilter	0	3681	0	1	0	1		1
q74	core	rowfilter	0	4418	0	2	0	2		1
q75	core	rowfilter	0	3862	0	0	0	3		1
q76	core	rowfilter	0	3920	0	0	0	3		1
q77	core	rowfilter	0	4233	0	0	0	6		1
q78	core	rowfilter	0	3939	0	0	0	3		1
q79	core	rowfilter	0	3410	0	1	0	1		1
q80	core	rowfilter	1	4298	0	0	0	0	VALIDATION_ERROR	-1
q81	core	rowfilter	0	3579	0	1	2	1		1
q82	core	rowfilter	0	3657	0	0	0	1		1
q83	core	rowfilter	0	3851	0	0	0	9		1
q84	core	rowfilter	0	3528	0	1	1	0		1
q85	core	rowfilter	0	3423	0	0	4	1		1
q86	core	rowfilter	0	3699	0	0	0	1		1
q87	core	rowfilter	0	3819	0	3	0	3		1
q88	core	rowfilter	0	3643	0	0	0	0		1
q89	core	rowfilter	0	3508	0	0	0	1		1
q90	core	rowfilter	0	3536	0	0	0	0		1
q91	core	rowfilter	0	3683	0	1	1	1		1
q92	core	rowfilter	0	3346	0	0	0	2		1
q93	core	rowfilter	0	3646	0	0	0	0		1
q94	core	rowfilter	0	3594	0	0	1	1		1
q95	core	rowfilter	0	3855	0	0	1	1		1
q96	core	rowfilter	0	3376	0	0	0	0		1
q97	core	rowfilter	0	3672	0	0	0	2		1
q98	core	rowfilter	0	3902	0	0	0	1		1
q99	core	rowfilter	0	3461	0	0	0	1		1
q01	core	both	0	5124	1	1	0	1		1
q02	core	both	0	3524	0	0	0	3		1
q03	core	both	0	3643	0	0	0	1		1
q04	core	both	0	4410	3	3	0	3		1
q05	core	both	1	4426	0	0	0	0	VALIDATION_ERROR	-1
q06	core	both	0	4238	0	1	1	2		1
q07	core	both	0	3503	0	0	0	1		1
q08	core	both	0	3985	0	1	2	1		1
q09	core	both	1	3281	0	0	0	0	LINEAGE_UNKNOWN	-1
q10	core	both	0	4175	0	1	1	3		1
q11	core	both	0	3900	3	2	0	2		1
q12	core	both	0	3563	0	0	0	1		1
q13	core	both	0	3379	0	0	4	1		1
q14	core	both	0	4742	0	0	0	9		1
q15	core	both	0	4359	0	1	1	1		1
q16	core	both	0	4047	0	0	1	1		1
q17	core	both	0	3926	0	0	0	3		1
q18	core	both	0	3538	0	1	1	1		1
q19	core	both	0	3650	0	1	1	1		1
q20	core	both	0	3515	0	0	0	1		1
q21	core	both	0	3654	0	0	0	1		1
q22	core	both	0	3464	0	0	0	1		1
q23	core	both	0	4155	2	4	0	4		1
q24	core	both	0	3679	2	1	1	0		1
q25	core	both	0	3600	0	0	0	3		1
q26	core	both	0	3514	0	0	0	1		1
q27	core	both	0	3927	0	0	0	1		1
q28	core	both	0	3473	0	0	0	0		1
q29	core	both	0	3684	0	0	0	3		1
q30	core	both	0	4004	5	1	2	1		1
q31	core	both	0	3753	0	0	2	2		1
q32	core	both	0	3458	0	0	0	2		1
q33	core	both	0	3977	0	0	3	3		1
q34	core	both	0	3850	2	1	0	1		1
q35	core	both	0	4098	0	1	1	3		1
q36	core	both	0	3813	0	0	0	1		1
q37	core	both	0	3976	0	0	0	1		1
q38	core	both	0	3926	0	3	0	3		1
q39	core	both	0	3924	0	0	0	1		1
q40	core	both	0	3697	0	0	0	1		1
q41	core	both	0	4019	0	0	0	0		1
q42	core	both	0	3695	0	0	0	1		1
q43	core	both	0	4224	0	0	0	1		1
q44	core	both	0	4422	0	0	0	0		1
q45	core	both	0	3649	0	1	1	1		1
q46	core	both	0	3694	2	1	2	1		1
q47	core	both	0	4434	0	0	0	1		1
q48	core	both	0	3522	0	0	4	1		1
q49	core	both	0	4329	0	0	0	3		1
q50	core	both	0	4143	0	0	0	2		1
q51	core	both	0	4224	0	0	0	2		1
q52	core	both	0	3776	0	0	0	1		1
q53	core	both	0	3644	0	0	0	1		1
q54	core	both	0	4216	0	1	1	4		1
q55	core	both	0	3627	0	0	0	1		1
q56	core	both	0	3702	0	0	3	3		1
q57	core	both	0	3847	0	0	0	1		1
q58	core	both	0	4048	0	0	0	9		1
q59	core	both	0	4034	0	0	0	3		1
q60	core	both	0	3714	0	0	3	3		1
q61	core	both	0	3974	0	2	2	2		1
q62	core	both	0	3634	0	0	0	1		1
q63	core	both	0	3709	0	0	0	1		1
q64	core	both	0	4344	2	1	2	3		1
q65	core	both	0	3610	0	0	0	2		1
q66	core	both	0	4356	0	0	0	2		1
q67	core	both	0	3668	0	0	0	1		1
q68	core	both	0	4010	2	1	2	1		1
q69	core	both	0	3948	0	1	1	3		1
q70	core	both	0	3822	0	0	0	2		1
q71	core	both	0	3711	0	0	0	3		1
q72	core	both	1	3274	0	0	0	0	VALIDATION_ERROR	-1
q73	core	both	0	3551	2	1	0	1		1
q74	core	both	0	4042	3	2	0	2		1
q75	core	both	0	4288	0	0	0	3		1
q76	core	both	0	4059	0	0	0	3		1
q77	core	both	0	4288	0	0	0	6		1
q78	core	both	0	3937	0	0	0	3		1
q79	core	both	0	3376	2	1	0	1		1
q80	core	both	1	4394	0	0	0	0	VALIDATION_ERROR	-1
q81	core	both	0	3685	4	1	2	1		1
q82	core	both	0	3860	0	0	0	1		1
q83	core	both	0	3688	0	0	0	9		1
q84	core	both	0	3657	2	1	1	0		1
q85	core	both	0	3614	0	0	4	1		1
q86	core	both	0	3473	0	0	0	1		1
q87	core	both	0	3914	0	3	0	3		1
q88	core	both	0	3604	0	0	0	0		1
q89	core	both	0	3881	0	0	0	1		1
q90	core	both	0	3775	0	0	0	0		1
q91	core	both	0	3692	0	1	1	1		1
q92	core	both	0	3321	0	0	0	2		1
q93	core	both	0	3775	0	0	0	0		1
q94	core	both	0	3803	0	0	1	1		1
q95	core	both	0	3374	0	0	1	1		1
q96	core	both	0	3618	0	0	0	0		1
q97	core	both	0	4109	0	0	0	2		1
q98	core	both	0	3504	0	0	0	1		1
q99	core	both	0	4038	0	0	0	1		1
